stock,variable,year,mean,sd,lower,upper,status
Scomber colias,b_div_bmsy,2018,0.743654612564195,0.241842337872882,0.504006817399034,1.08624944956185,Overfished
Scomberesox saurus,b_div_bmsy,2018,0.635870096220533,0.268711330188862,0.414304558141968,0.978909986393382,Overfished
Sphyraena sphyraena,b_div_bmsy,2018,0.704702770431276,0.252994649958837,0.474486982076292,1.04507095002157,Overfished
Trachinotus ovatus,b_div_bmsy,2018,0.726307311774608,0.272990221638699,0.463922491771965,1.12781737234067,Overfished
