stock,taxa,variable,year,mean,sd,lower,upper,status
Scomber colias,Scomber colias,b_div_bmsy,2018,0.747254254498545,0.241641472414311,0.506434730445892,1.10462455500136,overfished
Trachinotus ovatus,Trachinotus ovatus,b_div_bmsy,2018,0.60702957298571,0.275630359337295,0.402731212412455,0.95325450804274,overfished
Scomberesox saurus,Scomberesox saurus,b_div_bmsy,2018,0.613007519492422,0.268040451283875,0.398002227564149,0.933676233891632,overfished
Sphyraena sphyraena,Sphyraena sphyraena,b_div_bmsy,2018,0.629858090063973,0.274098883657086,0.403806279603248,0.971896642354701,overfished
