stock,taxa,variable,year,mean,sd,lower,upper,status
Scomber colias,Scomber colias,b_div_bmsy,2018,0.746329044225735,0.237714511624951,0.51225388302861,1.09585767403528,Overfished
Scomberesox saurus,Scomberesox saurus,b_div_bmsy,2018,0.624654768470939,0.263065269300146,0.40626367135998,0.960417256659722,Overfished
Sphyraena sphyraena,Sphyraena sphyraena,b_div_bmsy,2018,0.629858090063973,0.274098883657086,0.403806279603248,0.971896642354701,Overfished
Trachinotus ovatus,Trachinotus ovatus,b_div_bmsy,2018,0.60702957298571,0.275630359337295,0.402731212412455,0.95325450804274,Overfished
